,"No yielding, eHMI off, Distance 1, Can see other person","No yielding, eHMI off, Distance 1, Cannot see other person","No yielding, eHMI off, Distance 2, Can see other person","No yielding, eHMI off, Distance 2, Cannot see other person","No yielding, eHMI off, Distance 3, Can see other person","No yielding, eHMI off, Distance 3, Cannot see other person","No yielding, eHMI off, Distance 4, Can see other person","No yielding, eHMI off, Distance 4, Cannot see other person","No yielding, eHMI off, Distance 5, Can see other person","No yielding, eHMI off, Distance 5, Cannot see other person","No yielding, eHMI on, Distance 1, Can see other person","No yielding, eHMI on, Distance 1, Cannot see other person","No yielding, eHMI on, Distance 2, Can see other person","No yielding, eHMI on, Distance 2, Cannot see other person","No yielding, eHMI on, Distance 3, Can see other person","No yielding, eHMI on, Distance 3, Cannot see other person","No yielding, eHMI on, Distance 4, Can see other person","No yielding, eHMI on, Distance 4, Cannot see other person","No yielding, eHMI on, Distance 5, Can see other person","No yielding, eHMI on, Distance 5, Cannot see other person","Yes yielding, eHMI off, Distance 1, Can see other person","Yes yielding, eHMI off, Distance 1, Cannot see other person","Yes yielding, eHMI off, Distance 2, Can see other person","Yes yielding, eHMI off, Distance 2, Cannot see other person","Yes yielding, eHMI off, Distance 3, Can see other person","Yes yielding, eHMI off, Distance 3, Cannot see other person","Yes yielding, eHMI off, Distance 4, Can see other person","Yes yielding, eHMI off, Distance 4, Cannot see other person","Yes yielding, eHMI off, Distance 5, Can see other person","Yes yielding, eHMI off, Distance 5, Cannot see other person","Yes yielding, eHMI on, Distance 1, Can see other person","Yes yielding, eHMI on, Distance 1, Cannot see other person","Yes yielding, eHMI on, Distance 2, Can see other person","Yes yielding, eHMI on, Distance 2, Cannot see other person","Yes yielding, eHMI on, Distance 3, Can see other person","Yes yielding, eHMI on, Distance 3, Cannot see other person","Yes yielding, eHMI on, Distance 4, Can see other person","Yes yielding, eHMI on, Distance 4, Cannot see other person","Yes yielding, eHMI on, Distance 5, Can see other person","Yes yielding, eHMI on, Distance 5, Cannot see other person"
"No yielding, eHMI off, Distance 1, Can see other person",1.0,1.0709436593876396,0.9989094484280264,1.1107934949913605,1.0561330916201128,1.1363702359835994,1.1297745507488564,1.1446514670585872,1.0755990272890614,1.024313822015951,1.0655072451534895,1.1226442511411947,1.102090131974428,1.1586233368127818,1.1378536804415693,1.1879715231648336,1.1807342344024598,1.0592189587306624,1.1188866290935462,1.0985026548967494,0.8538110000903304,0.8630418354082755,0.836960351552425,0.8559467442193813,0.7271085595031754,0.8198100531467696,0.7347516833886272,0.897205661057449,0.6319069725936524,0.8626596531548578,0.6978312270970818,0.8017104670683822,0.640705755104966,0.7269557381951293,0.5919944561309566,0.7526537056971065,0.582231670372013,0.7801062973677615,0.5889252394893356,0.7766012788363492
"No yielding, eHMI off, Distance 1, Cannot see other person",0.9337559368639384,1.0,0.9327376278591518,1.0372100205780264,0.9861705444187461,1.0610924543251607,1.0549336940795335,1.0688251030059726,1.0043469774162384,0.9564591125191857,0.9949237159336106,1.0482757344892608,1.0290832036902837,1.0818714193380417,1.062477629394798,1.109275462580459,1.1025176012317939,0.9890519911535951,1.0447670325937783,1.025733375670638,0.7972510902940827,0.8058704375744272,0.7815166971818059,0.7992453540542063,0.6789419341806763,0.7655025042265371,0.6860787464849035,0.8377711126003274,0.590046887205041,0.8055135726263345,0.6516040512309474,0.7486019082710629,0.5982628026121547,0.6787992363770089,0.5527783380028191,0.7027948660973168,0.5436622788400747,0.7284288865520923,0.549912438742184,0.7251560546895679
"No yielding, eHMI off, Distance 2, Can see other person",1.0010917421731167,1.0721128537456248,1.0,1.112006195095466,1.0572861166566585,1.1376108592944973,1.1310079732720228,1.1459011313386949,1.076773304108516,1.025432108613952,1.0666705043487847,1.1238698892155725,1.1032933302500803,1.1598882547723375,1.1390959232913433,1.1892684817771342,1.1820232917613995,1.0603753527384734,1.120108164813464,1.0997019365723808,0.8547431415669999,0.8639840545771547,0.8378740964654413,0.8568812173779875,0.7279023745820191,0.8207050743557349,0.7355538427881511,0.8981851783155844,0.6325968520851193,0.8636014550792531,0.6985930788774214,0.8025857281959098,0.6414052405983727,0.7277493864325061,0.5926407614449659,0.7534754094893686,0.5828673172410822,0.7809579723121117,0.589568194010099,0.7774491272041512
"No yielding, eHMI off, Distance 2, Cannot see other person",0.9002573426195459,0.9641248928955685,0.8992755655593714,1.0,0.950791570514488,1.0230256488785416,1.0170878348163568,1.0304808879597283,0.9683159220314188,0.9221460394165504,0.9592307210637534,1.0106687302394821,0.9921647335385232,1.043059166296066,1.024361130644197,1.0694800865520673,1.0629646642030823,0.9535696450391087,1.0072859034002974,0.9889350809578636,0.7686496220406578,0.7769597493141496,0.753479701966507,0.7705723413747924,0.6545848195742546,0.7380400198986995,0.6614655979726835,0.807715984206792,0.5688788919299237,0.7766156869342915,0.6282276861033557,0.7217457346332566,0.5768000604918463,0.6544472410695774,0.5329473559219583,0.677582025003631,0.5241583363580478,0.7022964222290742,0.5301842711042489,0.6991410035601527
"No yielding, eHMI off, Distance 3, Can see other person",0.9468503618857314,1.014023391450416,0.9458177727351532,1.051755222712886,1.0,1.075972569177245,1.0697274422258443,1.0838136558174565,1.0184313282325883,0.9698719130603597,1.00887592066545,1.0629761154619761,1.0435144402906806,1.0970429257504362,1.0773771690991112,1.124831266618566,1.117978637134841,1.0029218543903553,1.0594182096663305,1.0401176363214237,0.8084312544175476,0.8171714741788515,0.7924762117514226,0.8104534845190348,0.6884630026957945,0.7762374454995795,0.695699897312672,0.8495195048581724,0.5983213456784167,0.8168096047738966,0.6607417499120359,0.7590998458712763,0.6066524760834079,0.6883183037849672,0.5605301650219429,0.7126504336139421,0.5512862677930743,0.7386439299720029,0.5576240761341185,0.735325201907119
"No yielding, eHMI off, Distance 3, Cannot see other person",0.8799948892839818,0.9424249469722084,0.8790352094741446,0.9774925986422895,0.9293917230293905,1.0,0.9941958307021003,1.0072874410229689,0.9465216469331961,0.901390928396979,0.9376409302301254,0.9879212034882944,0.9698336836678058,1.0195826150004017,1.00130542354155,1.045408868999961,1.0390400918767997,0.9321072703156839,0.9846145152905029,0.9666767221740251,0.7513493164939362,0.7594724043975499,0.7365208318994588,0.7532287604123192,0.6398518163174324,0.7214286569527868,0.6465777262747944,0.7895363963672116,0.5560749063853273,0.7591360859677674,0.6140879134282017,0.7055011137056504,0.5638177900272046,0.6397173343473781,0.5209520958796922,0.6623314144141039,0.5123608943066473,0.6864895547818802,0.5182512009209604,0.6834051563873919
"No yielding, eHMI off, Distance 4, Can see other person",0.8851323472786344,0.9479268750369518,0.8841670648059051,0.983199253563541,0.9348175624243514,1.0058380543537393,1.0,1.0131680398535,0.9520474917549828,0.906653297630928,0.9431149289450995,0.9936887411714704,0.9754956254271455,1.0255349937249016,1.0071510990288794,1.0515120227990638,1.0451060644088905,0.9375489632233024,0.9903627483482496,0.9723202334205715,0.7557357346422726,0.7639062455745878,0.740820680548749,0.7576261508564059,0.6435873059994324,0.7256403966644223,0.6503524821847037,0.7941457527634588,0.5593213019135553,0.7635679636995321,0.6176729920447699,0.7096198675540875,0.5671093889309885,0.6434520389163273,0.5239934425311321,0.6661981412116424,0.51535208505634,0.6904973181159711,0.5212767796008276,0.6873949128360071
"No yielding, eHMI off, Distance 4, Cannot see other person",0.8736283740322298,0.9356067678309498,0.8726756372356083,0.97042071491488,0.9226678355937111,0.9927652815609733,0.9870031037937164,1.0,0.9396738293211907,0.894869618826534,0.9308573621030034,0.9807738717411122,0.9628172100337852,1.0122062218555472,0.9940612607307566,1.037845630179085,1.0315229293652106,0.9253637366599802,0.9774911065013975,0.9596830882675349,0.7459135157397474,0.753977835389523,0.7311923110561885,0.7477793624105591,0.6352226685836759,0.7162093237458883,0.6418999184762502,0.7838243228421311,0.5520518610066214,0.7536439501288859,0.6096451602777393,0.7003970117895703,0.5597387270654435,0.6350891595528102,0.5171831541457818,0.6575396331174956,0.5086541074971709,0.6815229961417006,0.5145017994016099,0.67846091250115
"No yielding, eHMI off, Distance 5, Can see other person",0.9297144889768066,0.9956718370105306,0.9287005873793664,1.0327208065546538,0.981902237567088,1.0564998732359454,1.0503677691084743,1.0641990537529264,1.0,0.9523194015874394,0.9906175239289615,1.0437386262524857,1.024629163854987,1.077188903501498,1.0578790530421123,1.1044743375781918,1.097745725354904,0.9847712129308231,1.0402451105906882,1.0212938344369968,0.7938004576317578,0.8023824989722101,0.7781341655374113,0.7957860898932836,0.6760033628291567,0.7621892846193976,0.683109285846506,0.8341451026771242,0.5874930681057885,0.8020271785937779,0.6487838026926214,0.745361837197838,0.5956734236919126,0.6758612826448419,0.5503858232588948,0.6997530553686853,0.5413092198860285,0.7252761276048572,0.5475323280773712,0.722017461092071
"No yielding, eHMI off, Distance 5, Cannot see other person",0.9762633076959766,1.0455229992698103,0.9751986422111086,1.0844269315874397,1.0310639853922292,1.1093965653486064,1.1029574398648145,1.1174812273896686,1.050067864135794,1.0,1.0402156275275733,1.0959963899849754,1.0759301576204505,1.131121451170596,1.1108447977419271,1.1597730086535278,1.152707509187622,1.0340766042246847,1.092327961455667,1.0724278353823125,0.8335443510953957,0.8425560769156897,0.8170936812169578,0.8356293997232153,0.7098494073546269,0.8003504741674797,0.7173111087601681,0.8759089663475004,0.6169075912204299,0.8421829664048255,0.6812670219793393,0.7826805123946651,0.6254975197386224,0.7097002135189473,0.5779424658800884,0.7347881962734913,0.5684114163627348,0.7615891542227119,0.574946102289504,0.7581673332376997
"No yielding, eHMI on, Distance 1, Can see other person",0.9385201316542405,1.0051021842027617,0.9374966270493361,1.0425020571599655,0.9912021681917083,1.0665063434832882,1.0603161601084272,1.0742784455620449,1.009471340698503,0.9613391430936684,1.0,1.0536242303819103,1.0343337757554796,1.0873913266032076,1.0678985859712837,1.114935190322148,1.1081428491200653,0.9940983165985688,1.0500976264430444,1.03096685629623,0.8013188122126157,0.809982136990492,0.7855041393283614,0.8033232510737923,0.6824060209918453,0.7694082390107762,0.6895792466270693,0.8420455751365669,0.5930574151118272,0.8096234512516987,0.6549286551275935,0.7524214131016007,0.6013152496327423,0.6822625951176984,0.5555987149066058,0.7063806549609004,0.54643614393081,0.7321454649098935,0.5527181933000365,0.728855934456342
"No yielding, eHMI on, Distance 1, Cannot see other person",0.8907541271275171,0.953947484520586,0.8897827138139364,0.9894438900499534,0.9407549101565595,1.0122264776472618,1.0063513438031804,1.0196030184050038,0.9580942726920743,0.9124117644344693,0.9491049761047419,1.0,0.9816913335227319,1.0320485190522408,1.013547861920563,1.0581905371690383,1.0517438923347402,0.9435036590210488,0.9966528826528719,0.9784957735098142,0.7605356721173347,0.7687580767736287,0.7455258873874202,0.7624380950147752,0.6476749502471973,0.7302491883011142,0.6544830943923104,0.799189645469095,0.5628737437984508,0.768417646354082,0.6215960455751853,0.7141269073024908,0.5707112956341007,0.6475388240363423,0.5273215050352594,0.6704293946475174,0.5186252633282187,0.6948829039784997,0.5245875876446872,0.6917607942559858
"No yielding, eHMI on, Distance 2, Can see other person",0.9073668033017132,0.9717387247348013,0.9063772730080158,1.0078971426786483,0.958300107204497,1.031104628391652,1.025119922564619,1.0386187425595665,0.9759628510257077,0.9294283582603733,0.9668059029297366,1.0186501254030316,1.0,1.051296353354578,1.0324506566473557,1.077925923387542,1.0713590478186557,0.9611001205800105,1.0152405838976408,0.9967448423921085,0.7747197577758019,0.7830955113100502,0.759430038678402,0.7766576610988492,0.6597541692897098,0.743868427238392,0.6666892861768912,0.8140946325778978,0.5733714097063657,0.782748731820488,0.6331888897751909,0.7274454636773613,0.5813551328666033,0.6596155043079516,0.5371561172318823,0.682932986931572,0.5282976895264702,0.7078425572781214,0.5343712119391344,0.7046622198177606
"No yielding, eHMI on, Distance 2, Cannot see other person",0.8630932661436516,0.9243242608367122,0.8621520184254988,0.9587183856032151,0.9115413595287954,0.9807934985235169,0.9751008070118071,0.9879409732997184,0.9283422775238506,0.8840783621998339,0.9196321283192497,0.9689466934348475,0.9512065715904972,1.0,0.9820738494458888,1.0253302220139848,1.0190837668180428,0.9142047506521251,0.9657035151488093,0.948110244282308,0.7369185247373409,0.7448855965411403,0.7223748434541214,0.7387618711133306,0.6275625014626013,0.707572536387846,0.6341592302204364,0.7743721644046476,0.5453946528748024,0.7445557376117758,0.6022934330122526,0.6919509055236024,0.5529888228105797,0.6274306024207035,0.5109464286810019,0.6496103451252384,0.5025202340336545,0.6733044921343719,0.5082974084652829,0.6702793342422013
"No yielding, eHMI on, Distance 3, Can see other person",0.8788476209102104,0.9411962871817018,0.8778891922557016,0.9762182203956948,0.9281800549348814,0.9986962783673609,0.9928996760905343,1.0059742185958214,0.9452876461863281,0.9002157655441632,0.9364185074657365,0.9866332292439638,0.9685692905143459,1.0182533630889627,1.0,1.044045946842493,1.0376854728318405,0.9308920619034331,0.9833308520471082,0.9654164448195581,0.7503697661363544,0.7584822637945443,0.7355606137580221,0.7522467597830437,0.6390176276628159,0.7204881148063117,0.6457347689058672,0.7885070606875116,0.5553499395005049,0.7581463838303741,0.6132873137311231,0.7045813366418613,0.5630827285774793,0.6388833210198152,0.5202729193627251,0.6614679186211558,0.5116929183250214,0.6855945634987303,0.5175755456191785,0.6825141863011525
"No yielding, eHMI on, Distance 3, Cannot see other person",0.84177101933886,0.9014893358172222,0.8408530246304782,0.9350337725538523,0.8890222290905638,0.9565635318902554,0.9510114752069674,0.9635344322136284,0.9054080896009994,0.8622376900812505,0.8969131198657934,0.9450093956380345,0.927707533795413,0.9752955472586867,0.9578122524437732,1.0,0.993907860061247,0.8916198225937556,0.9418463382966954,0.9246876995588806,0.7187133558687689,0.7264836055237047,0.7045289682724954,0.720511163381327,0.6120589133029981,0.6900923441016013,0.618492673486988,0.7552417238649245,0.5319209764474918,0.7261618955786721,0.587414103359998,0.6748566370787856,0.5393275365709812,0.6119302727547474,0.4983237767803093,0.6335620770538237,0.49010574666041645,0.6566708731279244,0.4957401991593203,0.6537204501059359
"No yielding, eHMI on, Distance 4, Can see other person",0.846930639311966,0.90701499811227,0.8460070177719118,0.9407650448566061,0.8944714744843453,0.9624267704566796,0.9568406825441181,0.9694403987853091,0.9109577718252535,0.8675227601360526,0.9024107323293765,0.9508018133389153,0.9333939000525113,0.9812736033686127,0.9636831450198518,1.0061294815984025,1.0,0.8970849898891149,0.9476193680958078,0.930355555797596,0.7231186961580927,0.7309365734153033,0.7088473656190631,0.7249275232987165,0.6158105171492271,0.6943222524259705,0.6222837129478733,0.7598709641137004,0.5351813762844311,0.7306128915550827,0.5910146472971852,0.6789931584173198,0.5426333347819048,0.6156810881011031,0.5013782432001307,0.6374454841465708,0.49310984081584275,0.6606959251609689,0.49877882958765574,0.6577274175753596
"No yielding, eHMI on, Distance 4, Cannot see other person",0.9440918629311273,1.0110691944855554,0.9430622820659204,1.0486911000181713,0.9970866579708432,1.0728378930692413,1.0666109603086653,1.0806561359421896,1.0154642894402384,0.9670463444531422,1.0059367200435712,1.059879302468811,1.0404743258137499,1.0938468644870583,1.0742384009111208,1.1215542484138166,1.1147215829835766,1.0,1.0563317620696555,1.0370874178962615,0.8060760176663689,0.8147907741780982,0.7901674574966202,0.8080923563199088,0.6864572744945213,0.7739760003250002,0.6936730855621509,0.8470445639800807,0.5965782309551101,0.8144299590224899,0.6588167832015985,0.7568883283859731,0.604885089927742,0.6863129971411125,0.5588971489335742,0.7105742391535977,0.5496801823390157,0.7364920075662339,0.5559995264766472,0.7331829480913048
"No yielding, eHMI on, Distance 5, Can see other person",0.8937455985242571,0.9571511818451641,0.892770922856842,0.9927667970179048,0.9439143020912917,1.0156258967043135,1.0097310320565103,1.0230272105279459,0.9613118964165709,0.9154759699343153,0.9522924105516377,1.0033583581660035,0.9849882046291627,1.0355145076239116,1.0169517186592791,1.0617443200007275,1.055276025024107,0.9466722822389764,1.0,0.9817819127811808,0.7630898233023269,0.7713398417384426,0.7480296303392947,0.7649986352172402,0.6498500747052759,0.7327016266258627,0.6566810830368741,0.8018736105411415,0.5647640754323652,0.7709982680316165,0.6236835877307981,0.716525201233193,0.5726279485742239,0.649713491333849,0.5290924395178038,0.6726809366797606,0.5203669927164126,0.6972165696534921,0.5263493406534377,0.6940839747682964
"No yielding, eHMI on, Distance 5, Cannot see other person",0.9103300711585373,0.9749122176571343,0.9093373092684206,1.0111887213379256,0.9614297124474231,1.034471997785394,1.0284677471763108,1.0420106514591678,0.9791501390501047,0.9324636744844538,0.9699632863005131,1.0219768210270865,1.0032657882634028,1.0547296646467217,1.0358224218843772,1.0814462012169588,1.0748578796229122,0.9642388700737557,1.018556144681064,1.0,0.7772498284681724,0.78565293544001,0.7619101763855934,0.7791940605731478,0.6619087867125072,0.7462977440175831,0.668866552223024,0.81675329327427,0.5752439193267554,0.7853050234420609,0.6352567506199359,0.7298211465349045,0.5832537156363881,0.6617696688802791,0.5389103553751532,0.6851633014649838,0.5300229979205086,0.7101542211940173,0.5361163551713856,0.7069634974249048
"Yes yielding, eHMI off, Distance 1, Can see other person",1.1712193915213123,1.2543099811015987,1.169942116372763,1.3009828813096131,1.2369635569328308,1.3309388563316416,1.3232138618843396,1.340637994752336,1.25976243826241,1.1996962113483918,1.2479427473302196,1.3148627167164895,1.2907893337727325,1.357002119544259,1.3326762952470605,1.391375284505763,1.3828988315652315,1.2405777843323647,1.3104617169082755,1.286587611052717,1.0,1.010811333324317,0.9802641936726949,1.0025014249392723,0.851603644631247,0.9601774316096143,0.8605554195376879,1.0508246684131821,0.7401016999392122,1.010363714058019,0.8173134651852149,0.9389788454160977,0.7504070046382413,0.8514246573518258,0.6933553866936891,0.881522615212826,0.6819210226975463,0.9136756229250135,0.6897606606462429,0.9095704772533819
"Yes yielding, eHMI off, Distance 1, Cannot see other person",1.1586923819596002,1.240894259640395,1.1574287681610205,1.2870679605767688,1.2237333675956652,1.31670353551983,1.3090611652845296,1.3262989348796652,1.2462883989629916,1.1868646223058041,1.2345951278821083,1.3007993414480425,1.2769834401516202,1.3424880339255825,1.3184223913123396,1.3764935538760354,1.3681077625210312,1.2273089383083988,1.296445413407149,1.2728266577912593,0.9893043014379734,1.0,0.9697795833460238,0.9917789718901197,0.842495148753948,0.9499076632350569,0.8513511781743945,1.0395853645182933,0.7321857952514189,0.9995571683344449,0.8085717267309085,0.9289358107294075,0.7423808775177974,0.8423180758685139,0.6859394664812561,0.8720941150449003,0.6746274009956644,0.9039032238787358,0.6823831885400263,0.8998419856077612
"Yes yielding, eHMI off, Distance 2, Can see other person",1.1947997275440383,1.2795631924513673,1.1934967368229716,1.3271757651733675,1.2618675301179536,1.3577348483423592,1.3498543254209219,1.3676292609744838,1.285125424751603,1.2238498754642506,1.273067766205588,1.3413350453923805,1.31677698941202,1.3843228471500764,1.3595072673765682,1.4193880522074194,1.4107409415659777,1.2655545233008756,1.3368454395936367,1.312490672777039,1.0201331502820297,1.0311621498049144,1.0,1.0226849367855235,0.8687491087893322,0.979508828137624,0.8778811111252554,1.071981079382409,0.755002278688074,1.0307055185526588,0.8337685600073154,0.9578834476225068,0.7655150616353108,0.8685665179321158,0.7073148148928481,0.8992704425019138,0.6956502411279913,0.93207079155039,0.7036477156856658,0.9278829963640218
"Yes yielding, eHMI off, Distance 2, Cannot see other person",1.168296984308287,1.2511802476266607,1.1670228961955178,1.2977366903876688,1.2338771059679656,1.327617919757336,1.3199122005881387,1.337292857048604,1.2566190999067373,1.196702749246531,1.2448289012714524,1.311581893059293,1.2875685776216466,1.3536161503475779,1.3293510234439707,1.3879035479575974,1.3794482453219479,1.237482315207197,1.307191874552855,1.2833773389705194,0.9975048165747757,1.0082891736393773,0.977818254704302,1.0,0.8494787373323026,0.9577816127969875,0.8584081759183706,1.0482026681177408,0.7382550104445436,1.0078426712652533,0.8152741181736721,0.9366359209643792,0.7485346015180957,0.8493001966589743,0.6916253378250211,0.8793230545943866,0.6802195046643994,0.9113958346546596,0.6880395812784266,0.9073009320744659
"Yes yielding, eHMI off, Distance 3, Can see other person",1.375310449767347,1.472880005867903,1.3738106027944017,1.5276859011952113,1.452510877250236,1.5628618603528306,1.5537907455261122,1.5742511239871992,1.47928258199024,1.4087495032596675,1.4654032485624124,1.543984369965723,1.5157160750899055,1.5934667824629314,1.5649020570175258,1.6338296498346274,1.623876130971751,1.4567549025339683,1.538816473097316,1.5107821803766732,1.1742551905505407,1.186950454823392,1.1510803175310025,1.1771925017692537,1.0,1.1274933329170764,1.0105116681485282,1.2339363212427301,0.8690682626888987,1.1864248355765512,0.9597345788005873,1.1026007830470066,0.8811693202219385,0.9997898232580971,0.8141761617212419,1.0351325065013481,0.8007493004481269,1.0728883426991958,0.8099550360014208,1.0680678540863162
"Yes yielding, eHMI off, Distance 3, Cannot see other person",1.2197947514324652,1.3063314548009206,1.2184645023488054,1.3549400751157858,1.2882656019723564,1.3861384495368667,1.3780930673054264,1.396239851737536,1.3120100481330619,1.2494526239147852,1.2997001452514914,1.3693955652678598,1.3443237585879204,1.4132826651314008,1.3879479473007397,1.4490814288076952,1.4402534219607506,1.2920297264774232,1.3648120376162713,1.3399477728776836,1.0414741766254891,1.052733901097656,1.020919843980719,1.0440793461045081,0.8869232046035938,1.0,0.896246247003616,1.0944067563133717,0.7707968085633159,1.0522677171908466,0.8512108681986972,0.9779222198984828,0.781529517289612,0.8867367939741321,0.7221117304656576,0.918083039855526,0.7102031356375386,0.9515695670886094,0.7183679161151992,0.9472941638803192
"Yes yielding, eHMI off, Distance 4, Can see other person",1.3610040270858104,1.457558633208592,1.3595197820046097,1.5117944199439635,1.4374013908335606,1.5466044674341317,1.5376277132682559,1.557875256276418,1.463894607669993,1.3940952367633672,1.4501596515430069,1.5279233467878999,1.4999491078287288,1.5768910272777954,1.5486234413153865,1.6168340270906025,1.606984047939829,1.4416012683980703,1.522809208048784,1.4950665370789302,1.162040209493103,1.174603413534192,1.1391064089740062,1.164946965853566,0.9895976776123844,1.1157647837781857,1.0,1.2211005178233747,0.8600279344435637,1.17408326194821,0.9497511103053611,1.091131174236914,0.8720031128749137,0.9893896871967091,0.805706838806706,1.0243647244548204,0.7924196480732077,1.061727812272524,0.8015296225974612,1.0569574679362617
"Yes yielding, eHMI off, Distance 4, Cannot see other person",1.1145716566493766,1.1936434486218273,1.1133561587771406,1.2380589459078717,1.177136009569257,1.2665660564872836,1.259214692668458,1.2757960819256289,1.1988321897360272,1.141671153533173,1.1875841754026382,1.2512674628223401,1.2283584241716685,1.291368731944051,1.2682194616343503,1.3240793886261117,1.316012911700583,1.1805754295868622,1.2470793237916304,1.2243599239020084,0.9516335408361406,0.9619219682487202,0.9328522855796311,0.9540139807082361,0.810414591729396,0.9137370490736085,0.8189334009803805,1.0,0.7043056012919994,0.9614959987413866,0.7777829068472618,0.8935637634335523,0.7141124748921318,0.8102442614309158,0.6598202416971269,0.8388864876421164,0.6489389174002682,0.8694843682197971,0.6563993798202598,0.8655777739086542
"Yes yielding, eHMI off, Distance 5, Can see other person",1.5825114191975371,1.6947805702981373,1.580785608881665,1.7578433901941701,1.671342677681227,1.798318874880246,1.7878811276788324,1.8114240176214276,1.7021477431627028,1.6209883201821156,1.6861773826931066,1.7765973471274081,1.744070218834453,1.8335346610549814,1.8006664426747285,1.8799785010898404,1.868525408979354,1.676226097621798,1.7706508673279762,1.7383929953929171,1.3511656574794173,1.3657735597787972,1.3244993137472976,1.3545454969521245,1.150657598410047,1.2973587706777026,1.162752929237116,1.419838203992088,1.0,1.3651687519985491,1.1043258855537617,1.2687159690259058,1.0139241737991893,1.1504157569449673,0.9368379869288741,1.1910830839670135,0.9213882669821667,1.234527123772392,0.931980916545518,1.228980391921933
"Yes yielding, eHMI off, Distance 5, Cannot see other person",1.1592057149570758,1.2414440103591957,1.1579415413423886,1.287638167531129,1.2242755155613196,1.3172868718593094,1.3096411158411372,1.3268865222483153,1.2468405394357516,1.187390436390415,1.235142087910095,1.3013756317865794,1.2775491793825549,1.3430827935160137,1.3190064891528093,1.377103378858937,1.368713872364799,1.227852670351467,1.2970197748342969,1.2733905554518323,0.9897425907979274,1.0004430278523169,0.9702092227120543,0.9922183575980092,0.842868397570288,0.9503284987869993,0.8517283504584285,1.0400459297896358,0.7325101739517861,1.0,0.8089299465264462,0.9293473551665751,0.7427097729235652,0.8426912462366337,0.6862433567699107,0.8724804770277069,0.6749262797242417,0.9043036781827131,0.6826855032985024,0.9002406406700695
"Yes yielding, eHMI on, Distance 1, Can see other person",1.4330112513879816,1.5346743135051057,1.4314484787151247,1.591779576291199,1.5134506032547956,1.6284313339069139,1.6189796427549135,1.6402984312127151,1.5413455080871936,1.467853231901084,1.5268838707403627,1.6087618431913668,1.579307559163021,1.6603202777734034,1.6305571265059937,1.7023765590237245,1.6920054427976994,1.5178726855445015,1.6033771285186231,1.574166664146611,1.2235207696882686,1.2367486605585933,1.1993736007402656,1.2265813150552842,1.0419547467485581,1.1747970301603001,1.0529074292721627,1.2857058071043161,0.9055298015572208,1.236200989089365,1.0,1.1488601196645056,0.918138555894449,1.0417357520946762,0.8483347163949696,1.0785612286628123,0.834344534557513,1.1179011014066207,0.8439364944145796,1.1128783704147835
"Yes yielding, eHMI on, Distance 1, Cannot see other person",1.2473330972672765,1.3358234716627357,1.245972816197277,1.3855294905319167,1.3173497602969795,1.417432206091769,1.409205189599317,1.4277616596977194,1.3416302661261348,1.2776605321888377,1.3290424522580253,1.4003113309052486,1.3746734977833648,1.4451892352728342,1.4192825554621524,1.481796199454516,1.4727688896467266,1.3211988644777368,1.3956243245581954,1.3701987188886886,1.0649867192235427,1.0765006456310393,1.043968347591795,1.0676507035630023,0.9069465715746436,1.0225762127624107,0.9164800929634817,1.119114316092522,0.7881984813100285,1.0760239370571634,0.8704279858648273,1.0,0.7991734939520464,0.90675595249915,0.7384142785308828,0.9388098778968651,0.7262368327322228,0.9730524040934369,0.7345859430311056,0.9686804784726712
"Yes yielding, eHMI on, Distance 2, Can see other person",1.5607788630463781,1.6715062270857677,1.5590767532037797,1.7337030081919282,1.6483902059644957,1.7736226449182269,1.7633282388165326,1.7865478153400705,1.6787722269060112,1.5987273625287457,1.6630211866583415,1.7521994179017064,1.7201189831576806,1.8083548143296544,1.7759379736727292,1.8541608432566827,1.842865035930607,1.6532065621248118,1.7463346008344198,1.7145197247631763,1.332610161977477,1.3470174546299876,1.3063100259108908,1.335943586270975,1.1348556708126558,1.2795422026644059,1.146784897020714,1.4003396315840193,0.9862670462357996,1.3464209526470219,1.0891602292268423,1.2512927512833703,1.0,1.1346171505452345,0.9239724341698333,1.1747259950455733,0.9087348845128239,1.2175734198609744,0.9191820657094812,1.2121028610225604
"Yes yielding, eHMI on, Distance 2, Cannot see other person",1.375599568802881,1.4731896360658165,1.374099406530717,1.5280070527391607,1.4528162254310808,1.5631904066194677,1.5541173848545955,1.5745820645153779,1.479593558143631,1.4090456518839731,1.4657113069894858,1.5443089477888607,1.5160347103259335,1.593801762524618,1.565231032176194,1.6341731150156469,1.6242175037148237,1.457061142897736,1.5391399645203914,1.5110997784047886,1.1745020435634153,1.187199976646471,1.1513222987006235,1.1774399722664108,1.0002102209254522,1.1277303556089633,1.0107240988465866,1.2341957204781306,0.8692509590233622,1.1866742469034655,0.9599363350919311,1.102832572804023,0.8813545604519156,1.0,0.8143473185874399,1.0353501130148304,0.8009176347071222,1.0731138862795049,0.8101253054986636,1.068292384299048
"Yes yielding, eHMI on, Distance 3, Can see other person",1.6892050079921486,1.8090433927150384,1.6873628428152971,1.8763579345845076,1.784025307470925,1.9195622935567158,1.908420829027048,1.9335509905609252,1.816907263488166,1.7302760379049222,1.799860174565192,1.8963762912213014,1.8616561701899317,1.957152342920725,1.9220681353641964,2.006727446282097,1.9945021818604103,1.7892379696480638,1.890028897240272,1.8555961859442598,1.4422618172313708,1.4578545904783944,1.4137976173332254,1.4458695269099535,1.228235420066721,1.3848272473778327,1.2411462232107306,1.515564295857149,1.067420422690355,1.4572090063019556,1.1787800035456968,1.3542533359316355,1.0822833701726997,1.2279772735478416,1.0,1.271386408947401,0.983508653404038,1.3177594642798347,0.9948154638783612,1.3118387694234679
"Yes yielding, eHMI on, Distance 3, Cannot see other person",1.3286322679748208,1.4228903030454536,1.327183325966406,1.475836080502049,1.4032125048024895,1.509818163893972,1.5010549236616872,1.5208208747187566,1.4290755750585766,1.3609363964630097,1.415667307671884,1.4915813775226199,1.4642725115578539,1.5393843517181212,1.5117891160685792,1.578377299111995,1.568761603729654,1.4073124874202483,1.4865888796192606,1.45950607375183,1.1344008454718657,1.146665231135649,1.1120125300881019,1.1372384640378606,0.9660598944766089,1.089226090220951,0.9762147954989493,1.192056392290607,0.8395719941462073,1.1461574514615112,0.927161085921648,1.0651783961202175,0.8512623405096311,0.9658568511555047,0.7865429368777933,1.0,0.7735717846931358,1.0364743991331689,0.7824650766103305,1.031817518412485
"Yes yielding, eHMI on, Distance 4, Can see other person",1.7175293802912797,1.839377199634928,1.7156563259256923,1.907820463084096,1.8139396143554056,1.951749267190367,1.9404209840165423,1.9659725248666393,1.8473729307816849,1.7592890839508482,1.8300399984643414,1.928174484950104,1.892872181395174,1.989969621667072,1.9542971266309603,2.040375993984984,2.0279457379019554,1.8192396817814493,1.9217206586832376,1.8867105841131395,1.466445477871023,1.482299708734224,1.4375039939302081,1.4701136811614526,1.248830313607974,1.4080478525377322,1.2619576034384434,1.5409770830298284,1.0853187910405144,1.4816432994853532,1.1985456350239543,1.376961281676991,1.1004309585144887,1.2485678385214702,1.016767871374475,1.2927048527198868,1.0,1.339855485479376,1.0114964016180121,1.3338355131732103
"Yes yielding, eHMI on, Distance 4, Cannot see other person",1.281876589606064,1.3728176057560655,1.280478637076193,1.4239001771161255,1.3538322856560987,1.4566864026324946,1.448231548137667,1.4673019188806395,1.3787852128849016,1.3130439088521597,1.3658487936179073,1.4390913839937283,1.4127435398138768,1.4852121316315667,1.4585879953551468,1.5228328846636578,1.513555573626952,1.3577879864637479,1.43427457625826,1.408144836932252,1.0944803329639354,1.106313124660518,1.072879881083515,1.0972180933643545,0.9320634405293083,1.050895315052547,0.941860982109528,1.1501069329715767,0.8100267549766437,1.105823214176899,0.894533513511822,1.0276938793771024,0.8213057082949318,0.931867542472131,0.7588638344908472,0.964809165413373,0.7463491479771179,1.0,0.754929477529524,0.9955069987984472
"Yes yielding, eHMI on, Distance 5, Can see other person",1.6980083938448831,1.8184713229751674,1.6961566281217513,1.8861366783236242,1.7933228545882984,1.9295661992156428,1.9183666703238902,1.9436277990923407,1.8263761767482176,1.7392934677144183,1.8092402459731627,1.9062593617394517,1.871358294866194,1.9673521512126708,1.932085100357078,2.0171856179825784,2.0048966409153883,1.7985626828443018,1.8998788879616482,1.8652667286755693,1.4497782449104755,1.4654522807625459,1.421165702251382,1.4534047563687087,1.2346364372728535,1.3920443516016345,1.247614525785547,1.5234627434806955,1.0729833435931304,1.4648033320882643,1.1849232810979198,1.3613111025154148,1.0879237501529564,1.234376945409033,1.0052115556200008,1.2780123099321432,0.9886342634540051,1.3246270410217114,1.0,1.3186754901347915
"Yes yielding, eHMI on, Distance 5, Cannot see other person",1.287662056774345,1.3790135151365315,1.2862577948941591,1.4303266364121383,1.3599425089830022,1.4632608353237895,1.454767821708584,1.4739242623624318,1.3850080557435176,1.3189700428394495,1.3720132508023084,1.445586405450365,1.4191196460889013,1.4919153089071013,1.4651710104656495,1.5297058549077809,1.520386672774553,1.363916062973505,1.4407478581159094,1.4145001879764267,1.0994200284728755,1.1113062248641257,1.0777220877185745,1.1021701451508328,0.9362701032280901,1.0556382991992546,0.9461118638506121,1.1552976868668206,0.8136826320199921,1.1108141032776273,0.8985707931651934,1.0323321489627937,0.8250124904056203,0.9360733210282525,0.7622887989805972,0.9691636187167688,0.7497176301903886,1.0045132793711904,0.7583366851671617,1.0
